--Insert fake User Accounts
INSERT INTO user_accounts (username, password) VALUES ('alexandria.miller', '4c5a4cd71a92929af11258548d543bfb76c9e282d1ef859403c4af9b525f7ccd');
INSERT INTO user_accounts (username, password) VALUES ('bechtelar.elena', '8b5b92bdbbf4334a5c10e577db56ad8d5d3522f5e18c53dc4b861c122ede2589');
INSERT INTO user_accounts (username, password) VALUES ('bennie57', '34f93bb5222d034992f222e48457bfdb95cdb2e778178625180aa18942cd02d6');
INSERT INTO user_accounts (username, password) VALUES ('blick.esta', 'b035ed187aae6345cf23fb4263d115f378c2fe4b2fba9281787c007e7898ad6c');
INSERT INTO user_accounts (username, password) VALUES ('chickle', '3bb682c3fdada15ecb7e98a566baef07cb6266de278e00419e4d43fd91c97797');
INSERT INTO user_accounts (username, password) VALUES ('collins.elijah', '0c197d26a6b23448abd3362addf1775e85a93b1ae0bdf06260723eda417817fd');
INSERT INTO user_accounts (username, password) VALUES ('corene.fisher', '18af89b635bba85c95a6d415e30174e3059edef9041f38a775762f15c89798dc');
INSERT INTO user_accounts (username, password) VALUES ('delpha.cronin', 'dd877ba43531d20d54f7b5f7e855859f4d0e866defb771c343900f548e7d7a86');
INSERT INTO user_accounts (username, password) VALUES ('destinee42', '851fbe72fe690dfafeb1d0636183a27e8f88305787ab6231de61cd2bbef40ea1');
INSERT INTO user_accounts (username, password) VALUES ('eddie35', '7625210063e66a3a3f47a1cbe41741fadd351266da1a67bd6388dbb768d286a4');
INSERT INTO user_accounts (username, password) VALUES ('fausto20', 'bfe0f311837c0d8f17aead6fbd94c9118408578b2ec0ebf6bc1f1569137a3af6');
INSERT INTO user_accounts (username, password) VALUES ('fherman', 'e3a65fb372c6f8cd78fce943e959a239fb08fc2f539703e8e3aae6a26e7c115e');
INSERT INTO user_accounts (username, password) VALUES ('franco04', '33b520f6f001ec4addf19877c62ef3d7e7c46dc2e5425d4f0b5eae1eb3439302');
INSERT INTO user_accounts (username, password) VALUES ('furman29', 'de8993e88e8ab4fcfc2e86d79f86fc76f369049fac67cc6e4c449643806ac807');
INSERT INTO user_accounts (username, password) VALUES ('graham.verner', '90e825a82c47d0efc6a930c8352f8f3b759e8d3c9c8ea5446fc7e3cde6783736');
INSERT INTO user_accounts (username, password) VALUES ('hflatley', '7c4943536ed09a2db8ab0992d41684393d2206676d2faf31738c8ed6074e3154');
INSERT INTO user_accounts (username, password) VALUES ('hilll.leda', 'dd6a37916c5dd278f7d665ba1d9a99a8a0fe5712cbf65caaa571ebf460222f94');
INSERT INTO user_accounts (username, password) VALUES ('jasen86', 'b0da457825e161339118eec3b85fca2be3b151f0d5440bbc5f6a4432095a3684');
INSERT INTO user_accounts (username, password) VALUES ('julius35', '57f514c9811a22dd9472d9b90a5d995a872e053f3a3ecd1e4a548327f5362731');
INSERT INTO user_accounts (username, password) VALUES ('lconn', '27b2c6ed85894abd663af4515fcee07b4ebd9279043a1d6cd850b71396dca19f');
INSERT INTO user_accounts (username, password) VALUES ('lila.ebert', '412904e16fb739ff9be6b05a27f7dc147c5a1e6856d05d033af83b45838d07f8');
INSERT INTO user_accounts (username, password) VALUES ('lulu.beahan', '3d37675d9a748224391d9ca8a6b642dfa83b3e61db426c5b144075726efcb5e7');
INSERT INTO user_accounts (username, password) VALUES ('margarete.thompson', 'b6a57a6be31904adc7ca26f50759b99827e1b0dd3d473b3ec60271446ff4d609');
INSERT INTO user_accounts (username, password) VALUES ('marilie.pagac', '21121f21fbdf047ef726065f49db588216349fd0255811feee52e135aed82586');
INSERT INTO user_accounts (username, password) VALUES ('mayer.timmy', '85f5c50c37af1705bb47a781b9d739fafb2e588b21dc37b7a532dac6466724c5');
INSERT INTO user_accounts (username, password) VALUES ('mmarks', 'ea0bb5f3affa83d1b8358640d6bdbaf518a1b79d08dd005b290908700b8b6206');
INSERT INTO user_accounts (username, password) VALUES ('nwiegand', '516a27e28026a0c8a7adb5fd009e2d2ab5e2a823c2bc5745a3bd1b778bba4a9b');
INSERT INTO user_accounts (username, password) VALUES ('pattie.murphy', '62507bb266a1472392f3939d8ff0d8ee8d0eeb0dff5714199f1ebd6827980696');
INSERT INTO user_accounts (username, password) VALUES ('penelope.schaefer', 'dd49812caa85e481ba8039b55f233cbc4736991488ff3a5cdc97510b0d7b841d');
INSERT INTO user_accounts (username, password) VALUES ('qblick', '9802924e9e095f4a44bb09c15ca455317f1fa8cbbb5dad491fd2d5994ecbd556');
INSERT INTO user_accounts (username, password) VALUES ('qbotsford', 'e3862d5d87a7706c65a11ed06d8bc692a97d83eac1d93549c4ba1a832188fe92');
INSERT INTO user_accounts (username, password) VALUES ('reinhold75', '7ffa597add2bb4e13270ccf305f9179e6c9a3365889b5fc92f9fa8eb3f1205ab');
INSERT INTO user_accounts (username, password) VALUES ('savion.heller', '3678851018f50a938e04e42ae09688f26e18dba8f69d21cc399553e29e0f2b2f');
INSERT INTO user_accounts (username, password) VALUES ('schaefer.jimmy', 'b5ad84aa4449407d90838371d01538a4b1f6f1a0cdd2f8e0e7a7c438815a832d');
INSERT INTO user_accounts (username, password) VALUES ('schulist.jena', '227fa18a5365e7761819051aec057d9d4b6ac1a72add1ddd7186cb631c1b78fb');
INSERT INTO user_accounts (username, password) VALUES ('stokes.arvid', '66078a6d0b3340872844484ad6bf3a41246289767362fb699a842acec5529e52');
INSERT INTO user_accounts (username, password) VALUES ('thiel.sydnee', 'addbf697a247ebcdea02a7cf7c64d6b438012a18e683975484e831f5b546d9f0');
INSERT INTO user_accounts (username, password) VALUES ('tlittle', '0f47ee68ac3ada1d26472d7dda11ea15c7b00ca87eddc7d33eec9f5f9f025033');
INSERT INTO user_accounts (username, password) VALUES ('trent61', '25e136d0bfc3896dc370a6299d10cb32025d45bea7510304e1f159853f2c2bb2');
INSERT INTO user_accounts (username, password) VALUES ('tromp.vincent', '452954d679bb187d424d8cdf733fe806b5a6d3086dc044f9c2dbee1f31adfea6');
INSERT INTO user_accounts (username, password) VALUES ('troy.schaefer', 'e07d52578987522fd8edc0bfaf7c8b49558dd69cd27bf74e76557f6b36876105');
INSERT INTO user_accounts (username, password) VALUES ('tyrell.collins', 'e61b0fa433ee154adc97cb1469f072ae6fd50d3c1d91e9dfb9fcc16d040c6596');
INSERT INTO user_accounts (username, password) VALUES ('umurphy', '88960df5022e1d9b3b44cc5db0e60fdd024f35687d84940b3fd3c09bc5632d46');
INSERT INTO user_accounts (username, password) VALUES ('upacocha', 'ecead1ad1b22034a32dc7099e9ebccbee1b638fa6f683110d260eef6ab400c44');
INSERT INTO user_accounts (username, password) VALUES ('walton32', '7f9f65325e08cb36d8c582b1f3160179516d41f6b214d13361f566a52d95840b');
INSERT INTO user_accounts (username, password) VALUES ('wkautzer', 'a0e62a63971dde6b069bdc43e68deee34a089a61d61d1dc46e88f33d4804f5c7');
INSERT INTO user_accounts (username, password) VALUES ('wlittel', '55dc9c28c29a4981aaed00212148cc2543279eb30b73c8e2d6066350d084801d');
INSERT INTO user_accounts (username, password) VALUES ('zachary.macejkovic', '6ccb89deb4a86ee5a4a8480030cab102af091638a3386ba9a7aa73aa22e71221');
INSERT INTO user_accounts (username, password) VALUES ('zion18', '60915b08398655db853c7e01db32f80e2a149265c0f7699eea994535fd7a5434');
INSERT INTO user_accounts (username, password) VALUES ('zvolkman', '62b11cc2d0e3a845fecca3b509ffa870277543f4e5c85dc2271bc2a1140de319');
INSERT INTO user_accounts (username, password) VALUES ('user_test_1', '6ccb89deb4a86ee5a4a8480030cab102af091638a3386ba9a7aa73aa22e71221');
INSERT INTO user_accounts (username, password) VALUES ('user_test_2', '60915b08398655db853c7e01db32f80e2a149265c0f7699eea994535fd7a5434');
INSERT INTO user_accounts (username, password) VALUES ('user_test_3', '62b11cc2d0e3a845fecca3b509ffa870277543f4e5c85dc2271bc2a1140de319');


--Insert Fake Locations
INSERT INTO locations (name) VALUES ('East Precioustown');
INSERT INTO locations (name) VALUES ('Kimberg');
INSERT INTO locations (name) VALUES ('McKenziechester');
INSERT INTO locations (name) VALUES ('Moenmouth');
INSERT INTO locations (name) VALUES ('New Mathiasville');
INSERT INTO locations (name) VALUES ('South Lenorafurt');
INSERT INTO locations (name) VALUES ('South Rubenville');
INSERT INTO locations (name) VALUES ('Treverside');


--Insert fake Users
INSERT INTO users (id, name, department, username) VALUES ('1', 'Prince D''Amore', 'Becker Inc', 'alexandria.miller');
INSERT INTO users (id, name, department, username) VALUES ('2', 'Vita Jacobi', 'Kiehn, Wehner and Bahringer', 'bechtelar.elena');
INSERT INTO users (id, name, department, username) VALUES ('3', 'Miss Dayna Schaden MD', 'Willms, Auer and Goyette', 'bennie57');
INSERT INTO users (id, name, department, username) VALUES ('4', 'Rosina Prohaska I', 'Spencer-Smith', 'blick.esta');
INSERT INTO users (id, name, department, username) VALUES ('5', 'Dr. Pamela Harber', 'Feil LLC', 'chickle');
INSERT INTO users (id, name, department, username) VALUES ('6', 'Nickolas Ziemann', 'O''Conner PLC', 'collins.elijah');
INSERT INTO users (id, name, department, username) VALUES ('7', 'Dr. Cesar Skiles', 'Stoltenberg-McDermott', 'corene.fisher');
INSERT INTO users (id, name, department, username) VALUES ('8', 'Prof. Etha Pouros IV', 'White-Brekke', 'delpha.cronin');
INSERT INTO users (id, name, department, username) VALUES ('9', 'Mr. Geoffrey Von III', 'Hettinger Inc', 'destinee42');
INSERT INTO users (id, name, department, username) VALUES ('10', 'Santino Fay II', 'Bergnaum PLC', 'eddie35');
INSERT INTO users (id, name, department, username) VALUES ('11', 'Cyril Yundt', 'Yost and Sons', 'fausto20');
INSERT INTO users (id, name, department, username) VALUES ('12', 'Prof. Solon Heathcote PhD', 'Gulgowski and Sons', 'fherman');
INSERT INTO users (id, name, department, username) VALUES ('13', 'Ernesto Stanton', 'Emmerich-Corwin', 'franco04');
INSERT INTO users (id, name, department, username) VALUES ('14', 'Reyna Adams', 'Zulauf LLC', 'furman29');
INSERT INTO users (id, name, department, username) VALUES ('15', 'Nora Metz', 'Schmitt, Dooley and Kunze', 'graham.verner');
INSERT INTO users (id, name, department, username) VALUES ('16', 'Prof. Cristobal Koch V', 'Blanda LLC', 'hflatley');
INSERT INTO users (id, name, department, username) VALUES ('17', 'Edyth Reichel', 'Luettgen-Waelchi', 'hilll.leda');
INSERT INTO users (id, name, department, username) VALUES ('18', 'Hailee Okuneva DVM', 'Gleason, Nolan and Nolan', 'jasen86');
INSERT INTO users (id, name, department, username) VALUES ('19', 'Laurel Sawayn I', 'Morissette, Jacobson and Conn', 'julius35');
INSERT INTO users (id, name, department, username) VALUES ('20', 'Miss Brooke Kohler DDS', 'Murazik, Gerlach and Lowe', 'lconn');
INSERT INTO users (id, name, department, username) VALUES ('21', 'Augustine Kuhn', 'Johnson, Lind and Schinner', 'lila.ebert');
INSERT INTO users (id, name, department, username) VALUES ('22', 'Aryanna Gerlach', 'Rutherford-Mueller', 'lulu.beahan');
INSERT INTO users (id, name, department, username) VALUES ('23', 'Dr. Guiseppe Purdy Jr.', 'Roob, Kuphal and Koelpin', 'margarete.thompson');
INSERT INTO users (id, name, department, username) VALUES ('24', 'Verner Nader', 'Rempel-Lindgren', 'marilie.pagac');
INSERT INTO users (id, name, department, username) VALUES ('25', 'Oceane Hane', 'Gorczany Inc', 'mayer.timmy');
INSERT INTO users (id, name, department, username) VALUES ('26', 'Janie O''Kon', 'Leffler Inc', 'mmarks');
INSERT INTO users (id, name, department, username) VALUES ('27', 'Prof. Larry Nikolaus II', 'Stanton, Labadie and O''Kon', 'nwiegand');
INSERT INTO users (id, name, department, username) VALUES ('28', 'Sven Terry', 'Oberbrunner and Sons', 'pattie.murphy');
INSERT INTO users (id, name, department, username) VALUES ('29', 'Edmund Hoeger', 'Rodriguez, Bauch and Cremin', 'penelope.schaefer');
INSERT INTO users (id, name, department, username) VALUES ('30', 'Carmella Friesen', 'Gorczany Ltd', 'qblick');
INSERT INTO users (id, name, department, username) VALUES ('31', 'Carissa Lang', 'Thiel, Macejkovic and Haley', 'qbotsford');
INSERT INTO users (id, name, department, username) VALUES ('32', 'Mr. Dion Heaney IV', 'Durgan and Sons', 'reinhold75');
INSERT INTO users (id, name, department, username) VALUES ('33', 'Prof. Corine Kuvalis III', 'Hermiston, West and Dare', 'savion.heller');
INSERT INTO users (id, name, department, username) VALUES ('34', 'Aiden Stamm', 'Kihn Ltd', 'schaefer.jimmy');
INSERT INTO users (id, name, department, username) VALUES ('35', 'Prof. Christelle Lakin', 'Huels Inc', 'schulist.jena');
INSERT INTO users (id, name, department, username) VALUES ('36', 'Ayla O''Keefe', 'Frami, Langosh and Gislason', 'stokes.arvid');
INSERT INTO users (id, name, department, username) VALUES ('37', 'Stone Waters', 'Goldner-Ortiz', 'thiel.sydnee');
INSERT INTO users (id, name, department, username) VALUES ('38', 'Emilia Runte', 'Casper-Heathcote', 'tlittle');
INSERT INTO users (id, name, department, username) VALUES ('39', 'Prof. Malcolm Romaguera DDS', 'Hintz and Sons', 'trent61');
INSERT INTO users (id, name, department, username) VALUES ('40', 'Jamil Keeling', 'Carroll-Langworth', 'tromp.vincent');
INSERT INTO users (id, name, department, username) VALUES ('41', 'Cicero Klein', 'Rogahn-Quitzon', 'troy.schaefer');
INSERT INTO users (id, name, department, username) VALUES ('42', 'Prof. Ansley Funk V', 'Hilpert-Sanford', 'tyrell.collins');
INSERT INTO users (id, name, department, username) VALUES ('43', 'Melyssa Lueilwitz', 'Gutkowski Inc', 'umurphy');
INSERT INTO users (id, name, department, username) VALUES ('44', 'Dr. Annie Schulist I', 'Heathcote LLC', 'upacocha');
INSERT INTO users (id, name, department, username) VALUES ('45', 'Brayan Welch III', 'Murphy, Stokes and White', 'walton32');
INSERT INTO users (id, name, department, username) VALUES ('46', 'Mrs. Ethyl Kerluke', 'Brekke-Herman', 'wkautzer');
INSERT INTO users (id, name, department, username) VALUES ('47', 'Camren Douglas', 'Braun PLC', 'wlittel');
INSERT INTO users (id, name, department, username) VALUES ('48', 'Andre Keeling', 'Harber LLC', 'zachary.macejkovic');
INSERT INTO users (id, name, department, username) VALUES ('49', 'Sam Bashirian', 'Hermann Inc', 'zion18');
INSERT INTO users (id, name, department, username) VALUES ('50', 'Waldo Schowalter', 'Barrows, Gorczany and Homenick', 'zvolkman');


--Insert fake Items

INSERT INTO items (id, item_name, lifespan, general_name, consumable_peripheral, cost, assigned_user) VALUES ('101', '7676528309135', 0, 'Non.', false, '588',29);
INSERT INTO items (id, item_name, lifespan, general_name, consumable_peripheral, cost, assigned_user) VALUES ('102', '', 0, 'Labore et.', true, '946', 10);
INSERT INTO items (id, item_name, lifespan, general_name, consumable_peripheral, cost, assigned_user) VALUES ('103', '9128969965930', 55, 'Nisi omnis.', true, '512', 35);
INSERT INTO items (id, item_name, lifespan, general_name, consumable_peripheral, cost, assigned_user) VALUES ('104', '1199795250857', 50, 'Eius.', false, '349', 11);
INSERT INTO items (id, item_name, lifespan, general_name, consumable_peripheral, cost, assigned_user) VALUES ('105', '6575339943228', 0, 'Maiores.', false, '923', 23);
INSERT INTO items (id, item_name, lifespan, general_name, consumable_peripheral, cost, assigned_user) VALUES ('106', '4838466721643', 0, 'Illo.', false, '138', 41);
INSERT INTO items (id, item_name, lifespan, general_name, consumable_peripheral, cost, assigned_user) VALUES ('107', '4172227653300', 0, 'Fuga.', true, '452', 22);
INSERT INTO items (id, item_name, lifespan, general_name, consumable_peripheral, cost, assigned_user) VALUES ('108', '5343773559616', 0, 'Consequatur.', false, '961', 33);
INSERT INTO items (id, item_name, lifespan, general_name, consumable_peripheral, cost, assigned_user) VALUES ('109', '0514806457239', 47, 'Minima fugit.', true, '446', 15);
INSERT INTO items (id, item_name, lifespan, general_name, consumable_peripheral, cost, assigned_user) VALUES ('110', '5246179660453', 0, 'Qui consequuntur.', false, '506', 6);
INSERT INTO items (id, item_name, lifespan, general_name, consumable_peripheral, cost, assigned_user) VALUES ('111', '2577557714639', 0, 'Ipsa.', false, '115', 7);
INSERT INTO items (id, item_name, lifespan, general_name, consumable_peripheral, cost, assigned_user) VALUES ('112', '9707200348987', 9, 'Quis placeat.', true, '507',5);
INSERT INTO items (id, item_name, lifespan, general_name, consumable_peripheral, cost, assigned_user) VALUES ('113', '3171204073538', 0, 'Porro.', false, '975', 48);
INSERT INTO items (id, item_name, lifespan, general_name, consumable_peripheral, cost, assigned_user) VALUES ('114', '8189197470888', 0, 'Eligendi.', false, '179', 40);
INSERT INTO items (id, item_name, lifespan, general_name, consumable_peripheral, cost, assigned_user) VALUES ('115', '8459787999199', 24, 'In.', true, '608', 6);
INSERT INTO items (id, item_name, lifespan, general_name, consumable_peripheral, cost, assigned_user) VALUES ('116', '6508642707706', 21, 'Omnis.', false, '463', 14);
INSERT INTO items (id, item_name, lifespan, general_name, consumable_peripheral, cost, assigned_user) VALUES ('117', '8081920519256', 51, 'Temporibus sed.', true, '639',44);
INSERT INTO items (id, item_name, lifespan, general_name, consumable_peripheral, cost, assigned_user) VALUES ('118', '4879292025529', 0, 'Fugit maiores.', false, '376', 44);
INSERT INTO items (id, item_name, lifespan, general_name, consumable_peripheral, cost, assigned_user) VALUES ('119', '0211938389819', 7, 'Enim nihil.', true, '21', 49);
INSERT INTO items (id, item_name, lifespan, general_name, consumable_peripheral, cost, assigned_user) VALUES ('120', '6849945552984', 44, 'Eum quia.', true, '163', 10);
INSERT INTO items (id, item_name, lifespan, general_name, consumable_peripheral, cost, assigned_user) VALUES ('121', '8944213423152', 40, 'Ea reiciendis.', false, '78', 25);
INSERT INTO items (id, item_name, lifespan, general_name, consumable_peripheral, cost, assigned_user) VALUES ('122', '5117414806304', 10, 'Praesentium.', false, '880',46);
INSERT INTO items (id, item_name, lifespan, general_name, consumable_peripheral, cost, assigned_user) VALUES ('123', '2948223673671', 0, 'Reprehenderit.', true, '542',31);
INSERT INTO items (id, item_name, lifespan, general_name, consumable_peripheral, cost, assigned_user) VALUES ('124', '8226021770117', 39, 'Rem autem.', false, '167', 41);
INSERT INTO items (id, item_name, lifespan, general_name, consumable_peripheral, cost, assigned_user) VALUES ('125', '0720268220957', 58, 'Pariatur debitis.', true, '792', 6);
INSERT INTO items (id, item_name, lifespan, general_name, consumable_peripheral, cost, assigned_user) VALUES ('126', '6738668378493', 44, 'Dolores.', true, '376', 8);
INSERT INTO items (id, item_name, lifespan, general_name, consumable_peripheral, cost, assigned_user) VALUES ('127', '0385497640770', 49, 'Ut.', false, '319', 12);
INSERT INTO items (id, item_name, lifespan, general_name, consumable_peripheral, cost, assigned_user) VALUES ('128', '8465461541899', 35, 'Sunt.', true, '988',19);
INSERT INTO items (id, item_name, lifespan, general_name, consumable_peripheral, cost, assigned_user) VALUES ('129', '6195979053561', 51, 'Commodi.', true, '164', 40);
INSERT INTO items (id, item_name, lifespan, general_name, consumable_peripheral, cost, assigned_user) VALUES ('130', '0517915993780', 43, 'Sint.', false, '311', 47);
INSERT INTO items (id, item_name, lifespan, general_name, consumable_peripheral, cost, assigned_user) VALUES ('131', '1340215861287', 39, 'Non nam.', false, '359', 35);
INSERT INTO items (id, item_name, lifespan, general_name, consumable_peripheral, cost, assigned_user) VALUES ('132', '5285693950077', 0, 'Ut error.', false, '379', 40);
INSERT INTO items (id, item_name, lifespan, general_name, consumable_peripheral, cost, assigned_user) VALUES ('133', '0951037773385', 39, 'Quas.', false, '8', 22);
INSERT INTO items (id, item_name, lifespan, general_name, consumable_peripheral, cost, assigned_user) VALUES ('134', '6387505890126', 0, 'Consequatur dolorem.', false, '467', 6);
INSERT INTO items (id, item_name, lifespan, general_name, consumable_peripheral, cost, assigned_user) VALUES ('135', '1010379572519', 35, 'Ipsa.', true, '781', 34);
INSERT INTO items (id, item_name, lifespan, general_name, consumable_peripheral, cost, assigned_user) VALUES ('136', '7424740693651', 0, 'Minus.', false, '672', 11);
INSERT INTO items (id, item_name, lifespan, general_name, consumable_peripheral, cost, assigned_user) VALUES ('137', '9469848468969', 0, 'Enim velit.', false, '84', 37);
INSERT INTO items (id, item_name, lifespan, general_name, consumable_peripheral, cost, assigned_user) VALUES ('138', '6400550045232', 23, 'Qui odio.', true, '860', 29);
INSERT INTO items (id, item_name, lifespan, general_name, consumable_peripheral, cost, assigned_user) VALUES ('139', '5974577918738', 0, 'Autem voluptatem.', false, '378', 11);
INSERT INTO items (id, item_name, lifespan, general_name, consumable_peripheral, cost, assigned_user) VALUES ('140', '7325186771296', 0, 'Facilis.', true, '20',29);
INSERT INTO items (id, item_name, lifespan, general_name, consumable_peripheral, cost, assigned_user) VALUES ('141', '7238914159443', 36, 'Sint.', false, '86', 28);
INSERT INTO items (id, item_name, lifespan, general_name, consumable_peripheral, cost, assigned_user) VALUES ('142', '7672375567100', 0, 'Quisquam.', true, '736', 29);
INSERT INTO items (id, item_name, lifespan, general_name, consumable_peripheral, cost, assigned_user) VALUES ('143', '7547714102390', 55, 'Architecto.', true, '347', 46);
INSERT INTO items (id, item_name, lifespan, general_name, consumable_peripheral, cost, assigned_user) VALUES ('144', '9367108943297', 0, 'Eligendi incidunt.', false, '236', 25);
INSERT INTO items (id, item_name, lifespan, general_name, consumable_peripheral, cost, assigned_user) VALUES ('145', '8107101056782', 0, 'Ut.', false, '863',5);


--Insert Users and Locations bridge records
INSERT INTO users_locations (users_id, locations_name) VALUES (1, 'East Precioustown');
INSERT INTO users_locations (users_id, locations_name) VALUES (2, 'Kimberg');
INSERT INTO users_locations (users_id, locations_name) VALUES (3, 'McKenziechester');
INSERT INTO users_locations (users_id, locations_name) VALUES (4, 'Moenmouth');
INSERT INTO users_locations (users_id, locations_name) VALUES (5, 'New Mathiasville');
INSERT INTO users_locations (users_id, locations_name) VALUES (6, 'South Lenorafurt');
INSERT INTO users_locations (users_id, locations_name) VALUES (7, 'South Rubenville');
INSERT INTO users_locations (users_id, locations_name) VALUES (8, 'Treverside');
INSERT INTO users_locations (users_id, locations_name) VALUES (9, 'East Precioustown');
INSERT INTO users_locations (users_id, locations_name) VALUES (10, 'Kimberg');
INSERT INTO users_locations (users_id, locations_name) VALUES (11, 'McKenziechester');
INSERT INTO users_locations (users_id, locations_name) VALUES (12, 'Moenmouth');
INSERT INTO users_locations (users_id, locations_name) VALUES (13, 'New Mathiasville');
INSERT INTO users_locations (users_id, locations_name) VALUES (14, 'South Lenorafurt');
INSERT INTO users_locations (users_id, locations_name) VALUES (15, 'South Rubenville');
INSERT INTO users_locations (users_id, locations_name) VALUES (16, 'Treverside');
INSERT INTO users_locations (users_id, locations_name) VALUES (17, 'East Precioustown');
INSERT INTO users_locations (users_id, locations_name) VALUES (18, 'Kimberg');
INSERT INTO users_locations (users_id, locations_name) VALUES (19, 'McKenziechester');
INSERT INTO users_locations (users_id, locations_name) VALUES (20, 'Moenmouth');
INSERT INTO users_locations (users_id, locations_name) VALUES (21, 'New Mathiasville');
INSERT INTO users_locations (users_id, locations_name) VALUES (22, 'South Lenorafurt');
INSERT INTO users_locations (users_id, locations_name) VALUES (23, 'South Rubenville');
INSERT INTO users_locations (users_id, locations_name) VALUES (24, 'Treverside');
INSERT INTO users_locations (users_id, locations_name) VALUES (25, 'East Precioustown');
INSERT INTO users_locations (users_id, locations_name) VALUES (26, 'Kimberg');
INSERT INTO users_locations (users_id, locations_name) VALUES (27, 'McKenziechester');
INSERT INTO users_locations (users_id, locations_name) VALUES (28, 'Moenmouth');
INSERT INTO users_locations (users_id, locations_name) VALUES (29, 'New Mathiasville');
INSERT INTO users_locations (users_id, locations_name) VALUES (30, 'South Lenorafurt');
INSERT INTO users_locations (users_id, locations_name) VALUES (31, 'South Rubenville');
INSERT INTO users_locations (users_id, locations_name) VALUES (32, 'Treverside');
INSERT INTO users_locations (users_id, locations_name) VALUES (33, 'East Precioustown');
INSERT INTO users_locations (users_id, locations_name) VALUES (34, 'Kimberg');
INSERT INTO users_locations (users_id, locations_name) VALUES (35, 'McKenziechester');
INSERT INTO users_locations (users_id, locations_name) VALUES (36, 'Moenmouth');
INSERT INTO users_locations (users_id, locations_name) VALUES (37, 'New Mathiasville');
INSERT INTO users_locations (users_id, locations_name) VALUES (38, 'South Lenorafurt');
INSERT INTO users_locations (users_id, locations_name) VALUES (39, 'South Rubenville');
INSERT INTO users_locations (users_id, locations_name) VALUES (40, 'Treverside');
INSERT INTO users_locations (users_id, locations_name) VALUES (41, 'East Precioustown');
INSERT INTO users_locations (users_id, locations_name) VALUES (42, 'Kimberg');
INSERT INTO users_locations (users_id, locations_name) VALUES (43, 'McKenziechester');
INSERT INTO users_locations (users_id, locations_name) VALUES (44, 'Moenmouth');
INSERT INTO users_locations (users_id, locations_name) VALUES (45, 'New Mathiasville');
INSERT INTO users_locations (users_id, locations_name) VALUES (46, 'South Lenorafurt');
INSERT INTO users_locations (users_id, locations_name) VALUES (47, 'South Rubenville');
INSERT INTO users_locations (users_id, locations_name) VALUES (48, 'Treverside');
INSERT INTO users_locations (users_id, locations_name) VALUES (49, 'East Precioustown');
INSERT INTO users_locations (users_id, locations_name) VALUES (50, 'Kimberg');
